model,accuracy,precision,recall,f1,roc_auc
Hist Gradient Boosting,0.8939497873508025,0.8258602711157456,0.7829955511616411,0.803856889114438,0.9574325094305725
Random Forest,0.8401701193579366,0.6490618485059069,0.9233811171527434,0.7622934095082636,0.9474073224383698
Logistic Regression,0.835505556317739,0.6589506172839507,0.8442906574394463,0.7401950162513543,0.9179929293940048
