model,cv_accuracy_mean,cv_precision_mean,cv_recall_mean,cv_f1_mean,cv_roc_auc_mean,cv_roc_auc_std
Random Forest,0.8971132867265849,0.9071855419157563,0.8847688720570076,0.8958295587264656,0.9649420147493392,0.001022928326291222
