model,cv_accuracy_mean,cv_precision_mean,cv_recall_mean,cv_f1_mean,cv_roc_auc_mean,cv_roc_auc_std
Random Forest,0.862224022224904,0.7521762661088754,0.7511737089201876,0.7516647411370125,0.920957168382301,0.000862543237471082
