model,accuracy,precision,recall,f1,roc_auc
Random Forest,0.8644532857730828,0.7599196383726771,0.7478991596638656,0.7538614848031888,0.92584875151106
PyTorch MLP,0.8488132802853615,0.737004632012352,0.7078596144340089,0.7221381744831064,0.8985226672604207
SVM (RBF),0.8346823981341748,0.6859090909090909,0.7459218981710332,0.7146578261899124,0.8920241942312099
