model,accuracy,precision,recall,f1,roc_auc
Random Forest,0.8669227603237756,0.769861609431061,0.7424616905585764,0.7559134373427278,0.9307532780543687
PyTorch MLP,0.8507339827136782,0.7277155382367267,0.7385071675729116,0.7330716388616291,0.9031076160050042
SVM (RBF),0.8374262587460557,0.6943413729128015,0.7399901136925359,0.7164393395549175,0.8985186308834653
